FacilityName,FacilityAddress,Borough,Postcode,Latitude,Longitude,Community Board,Community Council ,Census Tract,BIN,BBL,NTA
Engine 1/Ladder 24,142 West 31 Street,Manhattan,10001,40.74849695,-73.9911243,105,3,101,1015173,1008060066,Midtown-Midtown South
Engine 9/Ladder 6,75 Canal Street,Manhattan,10002,40.71540275,-73.99283007,103,1,16,1003898,1003000030,Chinatown
Battalion 4/Engine 15/Ladder 18,25 Pitt Street,Manhattan,10002,40.71652152,-73.98391545,103,1,12,1004078,1003420060,Lower East Side
Engine 5,340 East 14 Street,Manhattan,10003,40.73142525,-73.98345244,103,2,40,1006520,1004550028,East Village
Battalion 6/Ladder 3,108 East 13 Street,Manhattan,10003,40.73310787,-73.98942232,103,2,42,1009010,1005580011,East Village
Engine 14,14 East 18 Street,Manhattan,10003,40.73795749,-73.9909999,105,2,52,1016141,1008460066,Hudson Yards-Chelsea-Flatiron-Union Square
Engine 4/Ladder 15,42 South Street,Manhattan,10005,40.70378834,-74.00772267,101,1,7,1000867,1000350001,Battery Park City-Lower Manhattan
Engine 10/Ladder 10,124 Liberty Street,Manhattan,10006,40.70983075,-74.01257208,101,1,13,1075700,1000520022,Battery Park City-Lower Manhattan
Manhattan Borough Command/Battalion 1/Engine 7/Ladder 1,100 Duane Street,Manhattan,10007,40.71536817,-74.0061944,101,1,33,1001647,1001500025,SoHo-TriBeCa-Civic Center-Little Italy
Engine 28/Ladder 11,222 East 2 Street,Manhattan,10009,40.72185329,-73.98252586,103,2,2202,1004608,1003850058,Lower East Side
Battalion 7/Engine 3/Ladder 12,150 West 19 Street,Manhattan,10011,40.74116986,-73.99687709,104,3,87,1014724,1007940066,Hudson Yards-Chelsea-Flatiron-Union Square
Division 1/Ladder 20,253 Lafayette Street,Manhattan,10012,40.72294945,-73.9965184,102,1,43,1007523,1004950007,SoHo-TriBeCa-Civic Center-Little Italy
Engine 33/Ladder 9,42 Great Jones Street,Manhattan,10012,40.72697848,-73.99251397,102,1,5502,1008526,1005310049,West Village
Ladder 8,14 N. Moore Street,Manhattan,10013,40.71955676,-74.00661884,101,1,33,1002150,1001890035,SoHo-TriBeCa-Civic Center-Little Italy
Engine 55,363 Broome Street,Manhattan,10013,40.71983863,-73.99575894,102,1,41,1066722,1004700012,SoHo-TriBeCa-Civic Center-Little Italy
Battalion 2/Engine 24/Ladder 5,227 Sixth Avenue,Manhattan,10014,40.72803263,-74.00342907,102,3,37,1080044,1005200037,SoHo-TriBeCa-Civic Center-Little Italy
Squad 18,132 West 10 Street,Manhattan,10014,40.73443386,-74.00035817,102,3,71,1010686,1006100051,West Village
Marine 1,1 Little West 12th St North River,Manhattan,10014,40.73959751,-74.00578088,102,3,79,1080224,1006280001,West Village
Engine 16/Ladder 7,234 East 29 Street,Manhattan,10016,40.74169309,-73.97888335,106,2,66,1019903,1009090035,Murray Hill-Kips Bay
Engine 21,238 East 40 Street,Manhattan,10016,40.74866417,-73.97400415,106,4,88,1020385,1009200042,Turtle Bay-East Midtown
Engine 26,220 West 37 Street,Manhattan,10018,40.75313272,-73.99034944,105,3,109,1014447,1007860061,Midtown-Midtown South
Engine 34/Ladder 21,440 West 38th Street,Manhattan,10018,40.75653741,-73.99650565,104,3,111,1012982,1007350061,Hudson Yards-Chelsea-Flatiron-Union Square
Engine 23,215 W 58th Street,Manhattan,10019,40.76677071,-73.98030868,105,4,137,1024915,1010300023,Midtown-Midtown South
Engine 44,221 East 75 Street,Manhattan,10021,40.77150264,-73.95811608,108,4,134,1044059,1014300010,Lenox Hill-Roosevelt Island
Battalion 8/Engine 8/Ladder 2,165 East 51 Street,Manhattan,10022,40.75690597,-73.97054357,106,4,100,1036462,1013060033,Turtle Bay-East Midtown
Engine 40/Ladder 35,131 Amsterdam Avenue,Manhattan,10023,40.77423067,-73.98427514,107,6,149,1077844,1011377501,Lincoln Square
Division 3/Ladder 25,207 West 77th Street,Manhattan,10024,40.78228507,-73.97978054,107,6,163,1030885,1011690026,Upper West Side
Engine 74,120 West 83 Street,Manhattan,10024,40.78471762,-73.97454657,107,6,169,1032079,1012130041,Upper West Side
Battalion 11/Engine 76/Ladder 22,145 West 100th St.,Manhattan,10025,40.79650141,-73.96719303,107,7,189,1055910,1018550005,Upper West Side
Engine 47,502 West 113 Street,Manhattan,10025,40.80492119,-73.96310645,109,7,199,1057000,1018840039,Morningside Heights
Engine 37/Ladder 40,415 West 125 Street,Manhattan,10027,40.81196716,-73.95460693,109,7,20901,1059547,1019660061,Morningside Heights
Battalion 10/Engine 22/Ladder 13,159 East 85 Street,Manhattan,10028,40.77869816,-73.95522787,108,5,14801,1047937,1015140027,Upper East Side-Carnegie Hill
Engine 53/Ladder 43,1836 Third Avenue,Manhattan,10029,40.78903828,-73.94722388,111,8,166,1051850,1016290040,East Harlem South
Engine 91,242 East 111 Street,Manhattan,10029,40.79383446,-73.94073212,111,8,180,1052473,1016600030,East Harlem North
Engine 58/Ladder 26,1367 Fifth Avenue,Manhattan,10029,40.7987367,-73.94684878,111,9,184,1080501,1016180001,East Harlem North
Engine 59/Ladder 30,111 West 133 Street,Manhattan,10030,40.81333791,-73.94242421,110,9,226,1058225,1019180024,Central Harlem North-Polo Grounds
Battalion 16/Engine 69/Ladder 28,248 West 143 Street,Manhattan,10030,40.82084927,-73.941824,110,9,232,1075491,1020280051,Central Harlem North-Polo Grounds
Engine 80/Ladder 23,503 West 139 Street,Manhattan,10031,40.82186782,-73.95078663,109,7,225,1075504,1020710027,Hamilton Heights
Engine 84/Ladder 34,513 West 161 Street,Manhattan,10032,40.83591627,-73.94094097,112,7,245,1062872,1021200046,Washington Heights South
Engine 67,518 West 170 Street,Manhattan,10032,40.84144367,-73.93732314,112,10,253,1063024,1021260034,Washington Heights South
Battalion 13/Engine 93/Ladder 45,515 West 181 Street,Manhattan,10033,40.84868711,-73.93163132,112,10,269,1075518,1021550030,Washington Heights North
Engine 95/Ladder 36,29 Vermilyea Avenue,Manhattan,10034,40.864856,-73.92513335,112,10,291,1064801,1022240015,Marble Hill-Inwood
Battalion 12/Engine 35/Ladder 14,2282 Third Avenue,Manhattan,10035,40.80330396,-73.93652275,111,8,196,1054465,1017730033,East Harlem North
Engine 65,33 West 43 Street,Manhattan,10036,40.75501878,-73.981931,105,4,96,1076256,1012590018,Midtown-Midtown South
Rescue 1,530 West 43 Street,Manhattan,10036,40.76071002,-73.99659328,104,3,129,1070109,1010710049,Clinton
Battalion 9/Engine 54/Ladder 4,782 Eighth Avenue,Manhattan,10036,40.76075773,-73.98682241,105,3,125,1024767,1010190061,Midtown-Midtown South
Engine 6,49 Beekman Street,Manhattan,10038,40.70995117,-74.00540491,101,1,1501,1001287,1000930030,Battery Park City-Lower Manhattan
Engine 39/Ladder 16,157 E 67th St,Manhattan,10065,40.7671897,-73.96362574,108,4,120,1072190,1014020029,Upper East Side-Carnegie Hill
Squad 41,330 East 150th Street,Bronx,10451,40.81723933,-73.92015996,201,17,65,2000930,2023310033,Melrose South-Mott Haven North
Engine 68/Ladder 49,1160 Ogden Ave.,Bronx,10452,40.83665268,-73.92689888,204,16,199,2003268,2025140056,Highbridge
Engine 43/Ladder 59,1901 Sedgwick Ave.,Bronx,10453,40.8546346,-73.91729939,205,16,247,2009252,2028810140,University Heights-Morris Heights
Battalion 19/Engine 75/Ladder 33,2175 Walton Ave.,Bronx,10453,40.85615175,-73.90440902,205,14,239,2118039,2031860037,Fordham South
Engine 83/Ladder 29,618 East 138 Street,Bronx,10454,40.80583704,-73.91583502,201,8,2701,2003609,2025500028,Mott Haven-Port Morris
Battalion 14/Engine 60/Ladder 17,341 East 143 Street,Bronx,10454,40.81317418,-73.92212053,201,8,41,2000656,2023060052,Mott Haven-Port Morris
Engine 73/Ladder 42,655 Prospect Ave.,Bronx,10455,40.8152443,-73.90377029,201,17,79,2094318,2026750033,Melrose South-Mott Haven North
Division 6/Engine 71/Ladder 55,720 Melrose Ave.,Bronx,10455,40.8202737,-73.91551815,201,17,69,2001400,2023770001,Melrose South-Mott Haven North
Battalion 26/Engine 50/Ladder 19,1155 Washington Ave.,Bronx,10456,40.82972625,-73.90808823,203,16,185,2001584,2023880045,Morrisania-Melrose
Battalion 17/Engine 92/Ladder 44,1259 Morris Ave.,Bronx,10456,40.83467561,-73.91361424,204,16,17901,2096490,2024500040,East Concourse-Concourse Village
Rescue 3,1655 Washington Ave,Bronx,10457,40.84126675,-73.90166193,203,16,167,2117925,2029050030,Claremont-Bathgate
Engine 46/Ladder 27,460 Cross Bronx Expressway,Bronx,10457,40.84388625,-73.90034365,206,15,165,2009509,2029070010,Claremont-Bathgate
Engine 42,1781 Monroe Ave.,Bronx,10457,40.84634565,-73.90675869,205,15,22901,2007448,2027970035,Mount Hope
Bronx Borough Command,451 E 176th St,Bronx,10457,40.84637032,-73.89921639,206,15,395,2009541,2029090040,Claremont-Bathgate
Engine 88/Ladder 38,2225 Belmont Ave.,Bronx,10457,40.85190888,-73.88781403,206,15,391,2086781,2030860038,Belmont
Division 7/Engine 48/Ladder 56,2417 Webster Ave.,Bronx,10458,40.85928063,-73.89401881,205,15,39902,2011061,2030250025,Bedford Park-Fordham North
Battalion 27/Engine 79/Ladder 37,2928 Briggs Ave.,Bronx,10458,40.87027998,-73.88662647,207,11,40702,2016936,2032970009,Bedford Park-Fordham North
Engine 82/Ladder 31,1213 Intervale Ave.,Bronx,10459,40.82858582,-73.89530843,203,17,125,2010447,2029730038,Morrisania-Melrose
Battalion 18/Engine 45/Ladder 58,925 East Tremont Ave.,Bronx,10460,40.84192641,-73.88345288,206,17,363,2013192,2031260012,East Tremont
Battalion 20/Squad 61,1518 Williamsbridge Road,Bronx,10461,40.84503935,-73.84640698,211,13,200,2044205,2040820011,Van Nest-Morris Park-Westchester Square
Engine 64/Ladder 47,1214 Castle Hill Ave.,Bronx,10462,40.83255729,-73.85084753,209,18,92,2094871,2038210007,Westchester-Unionport
Engine 90/Ladder 41,1843 White Plains Rd.,Bronx,10462,40.84633585,-73.86689062,211,15,236,2043470,2040490049,Van Nest-Morris Park-Westchester Square
Engine 81/Ladder 46,3025 Bailey Ave.,Bronx,10463,40.87695806,-73.90371696,208,14,277,2086837,2032660068,Van Cortlandt Village
Engine 70/Ladder 53,169 Schofield Street,Bronx,10464,40.84555074,-73.78464245,210,13,516,2082474,2056420118,Pelham Bay-Country Club-City Island
Engine 72,3929 East Tremont Ave.,Bronx,10465,40.82128648,-73.81820983,210,13,130,2077258,2054430170,Schuylerville-Throgs Neck-Edgewater Park
Engine 89/Ladder 50,2924 Bruckner Blvd.,Bronx,10465,40.83327461,-73.82703453,210,13,164,2076433,2054190125,Schuylerville-Throgs Neck-Edgewater Park
Battalion 15/Engine 63/Ladder 39,755 East 233 Street,Bronx,10466,40.89304192,-73.85532864,212,12,434,2068155,2049970013,Woodlawn-Wakefield
Engine 62/Ladder 32,3431 White Plains Road,Bronx,10467,40.8762515,-73.86738351,212,12,374,2056968,2046280053,Williamsbridge-Olinville
Engine 97,1454 Astor Ave.,Bronx,10469,40.85934734,-73.84416545,211,13,314,2050740,2043890023,Allerton-Pelham Gardens
Engine 38/Ladder 51,3446 Eastchester Road,Bronx,10469,40.87800533,-73.84649091,212,12,386,2060238,2047230045,Eastchester-Edenwald-Baychester
Engine 52/Ladder 52,4550 Henry Hudson Parkway East,Bronx,10471,40.89215029,-73.90761131,208,11,335,2084327,2058130123,North Riverdale-Fieldston-Riverdale
Engine 96/Ladder 54,1689 Story Ave.,Bronx,10473,40.82302896,-73.86934169,209,18,46,2022629,2036600001,Soundview-Castle Hill-Clason Point-Harding Park
Battalion 3/Engine 94/Ladder 48,1226 Seneca Ave.,Bronx,10474,40.81858299,-73.88774282,202,17,11502,2006440,2027620054,Hunts Point
Engine 66/Ladder 61,21 Asch Loop West,Bronx,10475,40.86972626,-73.8311068,210,12,46201,2072355,2051410103,Co-op City
Engine 224,274 Hicks Street,Brooklyn,11201,40.69311185,-73.99717193,302,33,7,3002336,3002600036,Brooklyn Heights-Cobble Hill
Brooklyn Borough Command/Division 11/Battalion 31/Engine 207/Ladder 110,172 Tillary Street,Brooklyn,11201,40.69548836,-73.98284075,302,35,15,3000252,3001340006,DUMBO-Vinegar Hill-Downtown Brooklyn-Boerum Hill
Engine 205/Ladder 118,74 Middagh Street,Brooklyn,11201,40.69997962,-73.99226129,302,33,1,3001600,3002160022,Brooklyn Heights-Cobble Hill
Engine 310/Ladder 174,5105 Snyder Ave.,Brooklyn,11203,40.65042333,-73.92890288,317,41,862,3102909,3046990040,Rugby-Remsen Village
Engine 330/Ladder 172,2312 65th Street,Brooklyn,11204,40.61213394,-73.97915657,311,44,434,3173419,3065800006,Bensonhurst East
Engine 210,160 Carlton Ave.,Brooklyn,11205,40.69279727,-73.97307768,302,35,183,3058296,3020720033,Fort Greene
Ladder 102,850 Bedford Ave.,Brooklyn,11205,40.69559899,-73.956644,303,33,1237,3054771,3019000050,Bedford
Marine 6/Marine Battlion,Brooklyn Navy Yard Building 292,Brooklyn,11205,40.70517652,-73.97162351,302,33,543,3335122,3020230001,park-cemetery-etc-Brooklyn
Engine 230,701 Park Avenue,Brooklyn,11206,40.69806134,-73.94752496,303,36,257,3048373,3017300049,Bedford
Engine 290/Ladder 103,480 Sheffield Ave.,Brooklyn,11207,40.665118,-73.89544589,305,42,1126,3084622,3038040043,East New York (Pennsylvania Ave)
Engine 332/Ladder 175,165 Bradford st.,Brooklyn,11207,40.67547954,-73.89260259,305,37,1198,3083579,3036910001,East New York
Squad 252,617 Central Ave.,Brooklyn,11207,40.68865602,-73.90807508,304,37,411,3079480,3034290003,Bushwick South
Battalion 39/Engine 225/Ladder 107,799 Lincoln Ave.,Brooklyn,11208,40.66940443,-73.86533521,305,42,1208,3095894,3042710075,East New York
Engine 236,998 Liberty Ave.,Brooklyn,11208,40.67765536,-73.87277484,305,37,1196,3094289,3041940020,East New York
Engine 242,9219 5th Ave.,Brooklyn,11209,40.61734797,-74.02941835,310,43,160,3155323,3061090019,Bay Ridge
Engine 255/Ladder 157,1367 Rogers Ave.,Brooklyn,11210,40.63643412,-73.95065388,314,45,788,3120929,3052290009,Flatbush
Battalion 35/Engine 216/Ladder 108,187 Union Ave.,Brooklyn,11211,40.70620859,-73.95079653,301,34,527,3063633,3024650100,North Side-South Side
Engine 221/Ladder 104,161 South 2nd Street,Brooklyn,11211,40.71316127,-73.96110909,301,34,551,3062972,3024060035,North Side-South Side
Engine 206,1201 Grand Street,Brooklyn,11211,40.71531991,-73.92820852,301,34,449,3070506,3029290053,East Williamsburg
Engine 229/Ladder 146,75 Richardson Street,Brooklyn,11211,40.7186139,-73.9490098,301,33,515,3067898,3027220028,North Side-South Side
Division 15/Engine 283,885 Howard Ave.,Brooklyn,11212,40.66095585,-73.91793352,316,41,894,3081953,3035800020,Brownsville
Battalion 44/Engine 231/Ladder 120,107 Watkins Street,Brooklyn,11212,40.67056969,-73.90789059,316,37,906,3080767,3035070005,Brownsville
Battalion 38/Engine 234/Ladder 123,1352 Saint John's Place,Brooklyn,11213,40.67045598,-73.93347784,308,35,351,3037055,3013840008,Crown Heights North
Engine 253,2429 86th Street,Brooklyn,11214,40.59896455,-73.98831042,311,47,298,3185380,3068590065,Bensonhurst East
Battalion 42/Engine 243/Ladder 168,8653 18th Ave.,Brooklyn,11214,40.60605021,-74.00347027,311,47,278,3166596,3063690024,Bensonhurst West
Engine 220/Ladder 122,530 11th Street,Brooklyn,11215,40.66486362,-73.98150969,306,39,151,3026278,3010960025,Park Slope-Gowanus
Engine 239,395 4th Ave.,Brooklyn,11215,40.67174084,-73.98714172,306,39,137,3021578,3009930005,Park Slope-Gowanus
Squad 1,788 Union Street,Brooklyn,11215,40.67465521,-73.97663029,306,39,157,3020193,3009570023,Park Slope-Gowanus
Battalion 57/Engine 235,206 Monroe Street,Brooklyn,11216,40.68517674,-73.95107155,303,36,245,3051323,3018170048,Bedford
Engine 219/Ladder 105,494 Dean Street,Brooklyn,11217,40.68119604,-73.97386506,308,35,161,3027813,3011360011,Prospect Heights
Engine 226,409 State Street,Brooklyn,11217,40.68713052,-73.98271319,302,33,41,3000562,3001720048,DUMBO-Vinegar Hill-Downtown Brooklyn-Boerum Hill
Engine 281/Ladder 147,1210 Cortelyou Road,Brooklyn,11218,40.63995575,-73.96662777,314,40,526,3118638,3051550004,Flatbush
Battalion 48/Engine 240,1307 Prospect Ave.,Brooklyn,11218,40.65118945,-73.97546053,307,39,504,3122838,3052850021,Windsor Terrace
Engine 247,1336 60th Street,Brooklyn,11219,40.62802142,-73.99772679,312,44,192,3141309,3057190022,Borough Park
Engine 282/Ladder 148,4210 12th Ave.,Brooklyn,11219,40.64019138,-73.99073687,312,39,224,3135859,3055970044,Borough Park
Engine 241/Ladder 109,6630 3rd Avenue,Brooklyn,11220,40.63815306,-74.02513761,310,43,70,3144349,3058410040,Bay Ridge
Battalion 40/Engine 201/Ladder 114,5113 4th Avenue,Brooklyn,11220,40.6453868,-74.01322029,307,38,78,3414005,3007990003,Sunset Park West
Battalion 37/Engine 222,32 Ralph Ave.,Brooklyn,11221,40.68954034,-73.92437636,303,41,387,3044596,3016330039,Stuyvesant Heights
Engine 217,940 Dekalb Avenue,Brooklyn,11221,40.69267483,-73.93797979,303,36,281,3043215,3016010023,Stuyvesant Heights
Engine 277/Ladder 112,582 Knickerbocker Ave.,Brooklyn,11221,40.69638368,-73.9146074,304,37,433,3076461,3033430029,Bushwick North
Engine 218,650 Hart Street,Brooklyn,11221,40.69831646,-73.92659655,304,34,423,3073407,3032280013,Bushwick South
Engine 238/Ladder 106,205 Greenpoint Ave.,Brooklyn,11222,40.73073414,-73.95115517,301,33,579,3064786,3025600050,Greenpoint
Engine 254/Ladder 153,901 Avenue U,Brooklyn,11223,40.59844589,-73.96197944,315,47,394,3192210,3071120049,Homecrest
Battalion 43/Engine 245/Ladder 161,2929 W. 8th Street,Brooklyn,11224,40.57661506,-73.97610022,313,48,354,3196591,3072790290,West Brighton
Engine 318/Ladder 166,2510 Neptune Ave.,Brooklyn,11224,40.57776934,-73.99299503,313,47,328,3188880,3070130007,Seagate-Coney Island
Engine 249/Ladder 113,491 Rogers Ave.,Brooklyn,11225,40.66026318,-73.95315809,309,40,800,3114990,3050330004,Prospect Lefferts Gardens-Wingate
Battalion 41/Engine 248,2900 Snyder Ave.,Brooklyn,11226,40.64864889,-73.95024865,317,40,824,3117400,3051110024,Erasmus
Engine 284/Ladder 149,1157 79th St.,Brooklyn,11228,40.61994178,-74.01252256,310,43,202,3161800,3062540053,Dyker Heights
Engine 321,2165 Gerritsen Ave.,Brooklyn,11229,40.60228383,-73.93518827,315,46,638,3248186,3088170049,Madison
Battalion 33/Engine 276/Ladder 156,1635 E. 14th Street,Brooklyn,11229,40.60937985,-73.95905491,315,48,554,3182420,3067770064,Homecrest
Engine 250,126 Foster Ave.,Brooklyn,11230,40.62780476,-73.97559626,314,44,46201,3170273,3064990011,Flatbush
Engine 279/Ladder 131,252 Lorraine St.,Brooklyn,11231,40.67216107,-73.99960963,306,38,53,3008207,3004860018,Carroll Gardens-Columbia Street-Red Hook
Battalion 32/Engine 202/Ladder 101,31 Richards Street,Brooklyn,11231,40.68029644,-74.00634593,306,38,59,3008254,3005120022,Carroll Gardens-Columbia Street-Red Hook
Engine 228,436 39th St,Brooklyn,11232,40.6518228,-74.00529574,307,38,84,3010534,3007090019,Sunset Park West
Rescue 2,1815 Sterling Place,Brooklyn,11233,40.6710872,-73.9188215,316,41,363,3421359,3014670022,Ocean Hill
Engine 227,423 Ralph Ave.,Brooklyn,11233,40.67477592,-73.92172507,316,41,303,3038838,3014450002,Ocean Hill
Engine 233/Ladder 176,25 Rockaway Ave.,Brooklyn,11233,40.68267708,-73.91137387,316,37,369,3040990,3015120001,Ocean Hill
Engine 214/Ladder 111,495 Hancock Street,Brooklyn,11233,40.68441184,-73.93575738,303,36,275,3045695,3016540045,Stuyvesant Heights
Engine 309/Ladder 159,1851 E. 48 Street,Brooklyn,11234,40.6152755,-73.92817303,318,46,672,3239495,3084880016,Flatlands
Engine 323,6405 Avenue N,Brooklyn,11234,40.6200908,-73.91583446,318,46,69602,3235919,3083640006,Georgetown-Marine Park-Bergen Beach-Mill Basin
Engine 246/Ladder 169,2732 E. 11th Street,Brooklyn,11235,40.58425988,-73.95938498,315,48,608,3246894,3087610038,Sheepshead Bay-Gerritsen Beach-Manhattan Beach
Battalion 58/Engine 257/Ladder 170,1361 Rockaway Parkway,Brooklyn,11236,40.64658292,-73.90361654,318,42,974,3229407,3081660033,Canarsie
Battalion 28/Engine 271/Ladder 124,392 Himrod Street,Brooklyn,11237,40.70366085,-73.91598825,304,37,443,3074885,3032810022,Bushwick North
Engine 237,43 Morgan Ave.,Brooklyn,11237,40.70531872,-73.93190416,301,34,453,3071494,3031020023,Bushwick North
Engine 280/Ladder 132,489 Saint John's Place,Brooklyn,11238,40.67354231,-73.96161058,308,35,215,3029451,3011740051,Prospect Heights
Engine 211/Ladder 119,26 Hooper Street,Brooklyn,11249,40.70133433,-73.96226457,301,33,539,3060298,3022030016,Williamsburg
Engine 251,254-20 Union Turnpike,Queens,11004,40.74447666,-73.71608407,413,23,157902,4177508,4086910013,Glen Oaks-Floral Park-New Hyde Park
Battalion 45/Engine 259/Ladder 128,33-51 Greenpoint Avenue,Queens,11101,40.73639901,-73.93320647,402,26,199,4003673,4003070029,Hunters Point-Sunnyside-West Maspeth
Engine 258/Ladder 115,10-40 47th Ave.,Queens,11101,40.74498905,-73.95171207,402,26,7,4000333,4000460034,Hunters Point-Sunnyside-West Maspeth
Ladder 116,37-20 29th Street,Queens,11101,40.75537969,-73.93325274,401,26,51,4004505,4003700023,Queensbridge-Ravenswood-Long Island City
Engine 260,11-15 37th Avenue,Queens,11101,40.75972134,-73.94001486,401,26,85,4004305,4003520035,Queensbridge-Ravenswood-Long Island City
Engine 262,30-89 21st Street,Queens,11102,40.76754963,-73.92924835,401,22,79,4006338,4005510016,Old Astoria
Engine 263/Ladder 117,42-06 Astoria Blvd.,Queens,11103,40.768263,-73.908801,401,22,141,4011565,4006880017,Astoria
Battalion 49/Engine 312,22-63 35th St.,Queens,11105,40.77338291,-73.9103197,401,22,117,4016405,4008220007,Steinway
Engine 273/Ladder 129,40-18 Union Street,Queens,11354,40.75986256,-73.82653934,407,20,853,4113561,4050190066,Flushing
Battalion 52/Engine 274,41-20 Murray Street,Queens,11355,40.76249757,-73.81278289,407,20,1167,4114925,4050580037,Murray Hill
Engine 297/Ladder 130,119-11 14th Road,Queens,11356,40.78499803,-73.84807237,407,19,929,4098032,4040540017,College Point
Engine 295/Ladder 144,12-49 149th Street,Queens,11357,40.78894048,-73.81601355,407,19,981,4102462,4045050007,Whitestone
Engine 320/Ladder 167,36-18 Francis Lewis Blvd.,Queens,11358,40.7633041,-73.78699372,411,19,1139,4120143,4053190008,Auburndale
Queens Borough Command,420A Weaver Ave,Queens,11359,40.79139658,-73.77508157,407,19,999,4538413,4059170001,Ft. Totten-Bay Terrace-Clearview
Engine 306,40-18 214th Place,Queens,11361,40.76391257,-73.76975156,411,19,1123,4138284,4062880032,Bayside-Bayside Hills
Engine 313/Ladder 164,44-01 244th Street,Queens,11363,40.76680077,-73.74219532,411,19,1479,4168901,4081120192,Douglas Manor-Douglaston-Little Neck
Battalion 53/Engine 326/Ladder 160,64-04 Springfield Blvd.,Queens,11364,40.74701749,-73.75601727,411,23,1367,4162454,4076210012,Oakland Gardens
Engine 299/Ladder 152,61-20 Utopia Parkway,Queens,11365,40.73817197,-73.79334869,408,24,1341,4148798,4068910003,Fresh Meadows-Utopia
Engine 315/Ladder 125,159-06 Union Turnpike,Queens,11366,40.72005286,-73.80773704,408,24,1265,4148377,4068540028,Pomonok-Flushing Heights-Hillcrest
Division 14/Engine 324,108-01 Horace Harding Exp.,Queens,11368,40.73794762,-73.85196626,404,21,43701,4048310,4019640065,Corona
Engine 289/Ladder 138,97-28 43rd Avenue,Queens,11368,40.74621108,-73.86528537,404,21,409,4040712,4016280018,North Corona
Engine 316,27-12 Kearney Street,Queens,11369,40.76235065,-73.86909843,403,21,367,4041276,4016580005,East Elmhurst
Engine 307/Ladder 154,81-17 Northern Blvd.,Queens,11372,40.75580422,-73.88561545,403,25,327,4026949,4011770036,Jackson Heights
Battalion 46/Engine 287/Ladder 136,86-53 Grand Avenue,Queens,11373,40.73644697,-73.87883475,404,25,475,4057367,4024770026,Elmhurst
Engine 305/Ladder 151,111-02 Queens Blvd.,Queens,11375,40.71822597,-73.83772446,406,29,76901,4078827,4032940020,Forest Hills
Engine 292/Rescue 4,64-18 Queens Blvd.,Queens,11377,40.74066687,-73.90100103,402,26,245,4053652,4023250037,Woodside
Engine 325/Ladder 163,41-24 51st Street,Queens,11377,40.74528419,-73.91380625,402,26,25302,4000979,4001310031,Hunters Point-Sunnyside-West Maspeth
Squad 288,56-29 68th Street,Queens,11378,40.72607649,-73.89624492,405,30,511,4055348,4023950004,Maspeth
Engine 319,78-11 67th Road,Queens,11379,40.71263589,-73.87491109,405,30,621,4091550,4037760056,Middle Village
Engine 286/Ladder 135,66-44 Myrtle Avenue,Queens,11385,40.70122225,-73.88664964,405,30,629,4090228,4037000021,Glendale
Engine 291/Ladder 140,56-07 Metropolitan Avenue,Queens,11385,40.71315684,-73.90664201,405,30,595,4440960,4026460018,Ridgewood
Battalion 54/Engine 317/Ladder 165,117-11 196th Street,Queens,11412,40.69311524,-73.75554916,412,27,394,4271743,4126170040,St. Albans
Engine 311/Ladder 158,145-50 Springfield Blvd.,Queens,11413,40.66357356,-73.75984074,413,31,320,4286093,4133610200,Springfield Gardens South-Brookville
Engine 331/Ladder 173,158-57 Cross Bay Blvd.,Queens,11414,40.65924119,-73.83945685,410,32,892,4295071,4141630101,Lindenwood-Howard Beach
Engine 285/Ladder 142,103-17 98th Street,Queens,11417,40.68267334,-73.84190783,410,32,4002,4438526,4091210011,Ozone Park
Engine 294/Ladder 143,101-02 Jamaica Avenue,Queens,11418,40.69482317,-73.84624156,409,32,28,4194106,4092860006,Richmond Hill
Division 13/Squad 270,91-45 121st Street,Queens,11418,40.69529435,-73.82588828,409,29,14202,4196913,4093750007,Richmond Hill
Battalion 51/Engine 308,107-12 Lefferts Blvd.,Queens,11419,40.68390269,-73.8233498,410,28,106,4205407,4095980010,South Ozone Park
Engine 293,89-40 87th Street,Queens,11421,40.68856874,-73.85603231,409,32,8,4185536,4089680025,Woodhaven
Engine 314,142-04 Brookville Blvd.,Queens,11422,40.66407703,-73.74079653,413,31,654,4287743,4135380015,Rosedale
Engine 301/Ladder 150,91-04 197th Street,Queens,11423,40.71449526,-73.76304055,412,23,484,4222434,4104640025,Hollis
Engine 304/Ladder 162,218-44 97th Avenue,Queens,11429,40.71683379,-73.7359807,413,27,568,4230875,4107700023,Queens Village
Battalion 50/Engine 298/Ladder 127,153-11 Hillside Avenue,Queens,11432,40.70759267,-73.80417023,408,24,236,4207481,4097060066,Briarwood-Jamaica Hills
Engine 275/Ladder 133,111-36 Merrick Blvd.,Queens,11433,40.69345785,-73.78101838,412,27,266,4217371,4102080045,South Jamaica
Engine 303/Ladder 126,104-12 Princeton Street,Queens,11435,40.69354195,-73.80687423,412,28,204,4214846,4100460014,Jamaica
Engine 302/Ladder 155,143-15 Rockaway Blvd.,Queens,11436,40.67404876,-73.7950521,412,28,182,4261544,4120460002,Baisley Park
Battalion 47/Engine 265/Ladder 121,48-06 Rockaway Beach Blvd,Queens,11691,40.59357474,-73.77916437,414,31,97204,4539800,4158400001,Hammels-Arverne-Edgemere
Engine 264/Engine 328/Ladder 134,16-15 Central Ave.,Queens,11691,40.60474621,-73.75209166,414,31,103202,4529057,4155590025,Far Rockaway-Bayswater
Engine 266,92-20 Rockaway Beach Blvd.,Queens,11693,40.58637304,-73.81630482,414,32,94202,4439014,4161270001,Hammels-Arverne-Edgemere
Engine 268/Ladder 137,257 Beach 116th Street,Queens,11694,40.58072437,-73.83811004,414,32,93402,4304442,4162120017,Breezy Point-Belle Harbor-Rockaway Park-Broad Channel
Engine 329,402 B. 169 Street,Queens,11695,40.56601101,-73.8815438,484,32,918,4307098,4163250001,park-cemetery-etc-Queens
Engine 155/Ladder 78,14 Brighton Avenue,Staten Island,10301,40.63754736,-74.08772946,501,49,77,5002472,5001030020,West New Brighton-New Brighton-St. George
Engine 157/Ladder 80,1573 Castleton Avenue,Staten Island,10302,40.63627012,-74.13537613,501,49,207,5025442,5010800002,Port Richmond
Engine 158,65 Harbor Road,Staten Island,10303,40.63526229,-74.15995163,501,49,223,5027755,5012270025,Mariner's Harbor-Arlington-Port Ivory-Graniteville
Engine 159,1592 Richmond Road,Staten Island,10304,40.59067037,-74.10056898,502,50,9602,5048682,5033060008,Old Town-Dongan Hills-South Beach
Division 8/Engine 160/Rescue 5,1850 Clove Road,Staten Island,10304,40.60731732,-74.08922452,502,50,50,5046179,5031530038,Grasmere-Arrochar-Ft. Wadsworth
Engine 153/Ladder 77,74 Broad Street,Staten Island,10304,40.62495823,-74.07766631,501,49,27,5013836,5005290009,Stapleton-Rosebank
Marine 9,305 Front Street,Staten Island,10304,40.62953917,-74.07393414,501,49,21,5165933,5004877501,Stapleton-Rosebank
Engine 161/Ladder 81,278 McClean Avenue,Staten Island,10305,40.59667317,-74.06983971,502,50,74,5045654,5031080025,Grasmere-Arrochar-Ft. Wadsworth
Battalion 21/Engine 152,256 Hylan Blvd.,Staten Island,10305,40.61165148,-74.07040745,501,49,8,5042846,5028560015,Stapleton-Rosebank
Engine 165/Ladder 85,3067 Richmond Road,Staten Island,10306,40.57606849,-74.12372562,502,50,181,5023532,5009490001,Todt Hill-Emerson Hill-Heartland Village-Lighthouse Hill
Engine 151/Ladder 76,7219 Amboy Road,Staten Island,10307,40.51275996,-74.2389556,503,51,248,5089056,5080400010,Charleston-Richmond Valley-Tottenville
Battalion 23/Engine 162/Ladder 82,256 Nelson Ave.,Staten Island,10308,40.54309471,-74.14740346,503,51,15601,5067428,5052710031,Great Kills
Engine 168,1100 Rossville Ave,Staten Island,10309,40.55373669,-74.21348102,503,51,20801,5154879,5070670252,Rossville-Woodrow
Engine 156,412 Broadway,Staten Island,10310,40.63097841,-74.11675877,501,49,125,5005815,5002170050,West New Brighton-New Brighton-St. George
Battalion 22/Ladder 79,1189 Castleton Avenue,Staten Island,10310,40.63439637,-74.12198041,501,49,13302,5005308,5001980136,West New Brighton-New Brighton-St. George
Engine 164/Ladder 84,1560 Drumgoole Road West,Staten Island,10312,40.53541058,-74.19605954,503,51,20804,5083491,5068280065,Rossville-Woodrow
Engine 167/Ladder 87,345 Annadale Road,Staten Island,10312,40.55421315,-74.17547919,503,51,17012,5075428,5056420006,Annadale-Huguenot-Prince's Bay-Eltingville
Staten Island Borough Command/Squad 8,3730 Victory Boulevard,Staten Island,10314,40.59786739,-74.18047272,502,50,29102,5041882,5026650025,New Springville-Bloomfield-Travis
Engine 166/Ladder 86,1400 Richmond Avenue,Staten Island,10314,40.61425175,-74.15810784,502,50,29104,5031692,5016120005,New Springville-Bloomfield-Travis
Engine 163/Ladder 83,875 Jewett Avenue,Staten Island,10314,40.61525302,-74.13067789,501,50,151,5010816,5003770018,Westerleigh
